,date,state,region,retail_recreation,grocery_pharmacy,parks,transit_stations,workplaces,residential
0,2020-03-29,Alabama,Total,-41.0,-13.0,19.0,-30.0,-32.0,9.0
2,2020-03-29,Alabama,Baldwin County,-47.0,-19.0,-27.0,-24.0,-32.0,9.0
17,2020-03-29,Alabama,Colbert County,-30.0,-6.0,-14.0,-20.0,-22.0,12.0
22,2020-03-29,Alabama,Cullman County,-33.0,-2.0,86.0,-33.0,-29.0,8.0
25,2020-03-29,Alabama,DeKalb County,-38.0,-7.0,9.0,-33.0,-23.0,11.0
28,2020-03-29,Alabama,Etowah County,-47.0,-13.0,19.0,-27.0,-33.0,9.0
35,2020-03-29,Alabama,Houston County,-46.0,-18.0,23.0,-27.0,-30.0,9.0
37,2020-03-29,Alabama,Jefferson County,-48.0,-16.0,7.0,-43.0,-36.0,11.0
45,2020-03-29,Alabama,Madison County,-46.0,-17.0,35.0,-39.0,-38.0,10.0
49,2020-03-29,Alabama,Mobile County,-39.0,-11.0,-21.0,-30.0,-29.0,9.0
51,2020-03-29,Alabama,Montgomery County,-44.0,-14.0,-9.0,-14.0,-34.0,11.0
52,2020-03-29,Alabama,Morgan County,-37.0,-4.0,18.0,-27.0,-27.0,8.0
61,2020-03-29,Alabama,Talladega County,-31.0,-10.0,17.0,-12.0,-33.0,7.0
63,2020-03-29,Alabama,Tuscaloosa County,-46.0,-14.0,-1.0,-29.0,-40.0,12.0
68,2020-03-29,Alaska,Total,-48.0,-27.0,18.0,-55.0,-33.0,10.0
69,2020-03-29,Alaska,Anchorage,-49.0,-25.0,51.0,-53.0,-39.0,11.0
72,2020-03-29,Alaska,Juneau,-61.0,-34.0,-34.0,-66.0,-31.0,-1.0
81,2020-03-29,Arizona,Total,-40.0,-17.0,-7.0,-41.0,-33.0,10.0
82,2020-03-29,Arizona,Apache County,-38.0,-13.0,-35.0,-8.0,-27.0,20.0
83,2020-03-29,Arizona,Cochise County,-37.0,-21.0,-14.0,-23.0,-29.0,8.0
84,2020-03-29,Arizona,Coconino County,-55.0,-24.0,-25.0,-34.0,-38.0,12.0
89,2020-03-29,Arizona,Maricopa County,-40.0,-18.0,-6.0,-44.0,-33.0,10.0
90,2020-03-29,Arizona,Mohave County,-36.0,-13.0,-13.0,-23.0,-37.0,9.0
91,2020-03-29,Arizona,Navajo County,-29.0,-9.0,11.0,-12.0,-28.0,10.0
92,2020-03-29,Arizona,Pima County,-43.0,-16.0,-16.0,-43.0,-36.0,10.0
93,2020-03-29,Arizona,Pinal County,-27.0,-23.0,1.0,-28.0,-31.0,8.0
94,2020-03-29,Arizona,Santa Cruz County,-56.0,-47.0,-29.0,-25.0,-33.0,18.0
95,2020-03-29,Arizona,Yavapai County,-40.0,-15.0,6.0,-27.0,-38.0,9.0
96,2020-03-29,Arizona,Yuma County,-45.0,-21.0,-17.0,-53.0,-27.0,10.0
97,2020-03-29,Arkansas,Total,-29.0,-7.0,81.0,-22.0,-27.0,7.0
101,2020-03-29,Arkansas,Benton County,-36.0,-16.0,56.0,-65.0,-34.0,9.0
112,2020-03-29,Arkansas,Craighead County,-32.0,-3.0,-59.0,-5.0,-24.0,4.0
140,2020-03-29,Arkansas,Miller County,-33.0,-10.0,-35.0,-24.0,-32.0,12.0
154,2020-03-29,Arkansas,Pulaski County,-35.0,-9.0,73.0,-38.0,-30.0,9.0
156,2020-03-29,Arkansas,Saline County,-26.0,-13.0,-52.0,-10.0,-33.0,7.0
159,2020-03-29,Arkansas,Sebastian County,-36.0,-11.0,45.0,-41.0,-27.0,7.0
166,2020-03-29,Arkansas,Washington County,-37.0,-16.0,37.0,-10.0,-34.0,8.0
167,2020-03-29,Arkansas,White County,-27.0,-12.0,-19.0,4.0,-21.0,9.0
169,2020-03-29,California,Total,-50.0,-24.0,-38.0,-54.0,-39.0,15.0
170,2020-03-29,California,Alameda County,-58.0,-27.0,-14.0,-64.0,-44.0,17.0
172,2020-03-29,California,Butte County,-45.0,-16.0,-23.0,-45.0,-34.0,11.0
175,2020-03-29,California,Contra Costa County,-48.0,-21.0,-15.0,-49.0,-41.0,15.0
177,2020-03-29,California,El Dorado County,-58.0,-37.0,-35.0,-50.0,-48.0,13.0
178,2020-03-29,California,Fresno County,-40.0,-14.0,-27.0,-43.0,-31.0,11.0
179,2020-03-29,California,Glenn County,-23.0,-14.0,-11.0,-20.0,-36.0,2.0
180,2020-03-29,California,Humboldt County,-48.0,-23.0,-10.0,-48.0,-35.0,11.0
181,2020-03-29,California,Imperial County,-53.0,-31.0,-65.0,-62.0,-32.0,16.0
183,2020-03-29,California,Kern County,-43.0,-17.0,-16.0,-37.0,-30.0,11.0
184,2020-03-29,California,Kings County,-34.0,-14.0,-12.0,-43.0,-27.0,10.0
185,2020-03-29,California,Lake County,-38.0,-13.0,-42.0,-42.0,-33.0,16.0
187,2020-03-29,California,Los Angeles County,-51.0,-27.0,-48.0,-54.0,-41.0,17.0
188,2020-03-29,California,Madera County,-39.0,-25.0,-20.0,-30.0,-30.0,11.0
189,2020-03-29,California,Marin County,-61.0,-30.0,-59.0,-61.0,-42.0,17.0
191,2020-03-29,California,Mendocino County,-47.0,-29.0,-39.0,-44.0,-32.0,17.0
192,2020-03-29,California,Merced County,-34.0,-18.0,-1.0,-37.0,-26.0,11.0
195,2020-03-29,California,Monterey County,-46.0,-19.0,-48.0,-45.0,-43.0,14.0
196,2020-03-29,California,Napa County,-53.0,-34.0,-24.0,-45.0,-51.0,18.0
197,2020-03-29,California,Nevada County,-56.0,-26.0,-48.0,-73.0,-41.0,15.0
198,2020-03-29,California,Orange County,-52.0,-24.0,-31.0,-55.0,-44.0,17.0
199,2020-03-29,California,Placer County,-52.0,-27.0,-2.0,-55.0,-44.0,13.0
201,2020-03-29,California,Riverside County,-43.0,-20.0,-44.0,-41.0,-39.0,14.0
202,2020-03-29,California,Sacramento County,-45.0,-21.0,-1.0,-57.0,-37.0,13.0
204,2020-03-29,California,San Bernardino County,-45.0,-23.0,-36.0,-42.0,-34.0,14.0
205,2020-03-29,California,San Diego County,-50.0,-26.0,-51.0,-64.0,-41.0,15.0
206,2020-03-29,California,San Francisco County,-75.0,-37.0,-55.0,-66.0,-53.0,21.0
207,2020-03-29,California,San Joaquin County,-41.0,-16.0,-16.0,-31.0,-30.0,12.0
208,2020-03-29,California,San Luis Obispo County,-56.0,-29.0,-27.0,-58.0,-45.0,13.0
209,2020-03-29,California,San Mateo County,-60.0,-26.0,-35.0,-83.0,-46.0,19.0
210,2020-03-29,California,Santa Barbara County,-47.0,-17.0,-30.0,-51.0,-40.0,13.0
211,2020-03-29,California,Santa Clara County,-62.0,-33.0,-22.0,-71.0,-48.0,17.0
212,2020-03-29,California,Santa Cruz County,-55.0,-27.0,-40.0,-57.0,-41.0,15.0
213,2020-03-29,California,Shasta County,-39.0,-15.0,-21.0,-22.0,-31.0,9.0
214,2020-03-29,California,Siskiyou County,-35.0,-20.0,-6.0,9.0,-25.0,13.0
215,2020-03-29,California,Solano County,-45.0,-21.0,-18.0,-37.0,-34.0,13.0
216,2020-03-29,California,Sonoma County,-53.0,-22.0,-58.0,-54.0,-41.0,15.0
217,2020-03-29,California,Stanislaus County,-44.0,-19.0,-12.0,-28.0,-29.0,11.0
218,2020-03-29,California,Sutter County,-41.0,-18.0,-28.0,-43.0,-34.0,13.0
219,2020-03-29,California,Tehama County,-34.0,-9.0,-9.0,-22.0,-27.0,15.0
221,2020-03-29,California,Tulare County,-39.0,-13.0,-27.0,-28.0,-25.0,11.0
223,2020-03-29,California,Ventura County,-46.0,-24.0,-24.0,-40.0,-39.0,14.0
224,2020-03-29,California,Yolo County,-43.0,-23.0,2.0,-34.0,-37.0,13.0
225,2020-03-29,California,Yuba County,-34.0,-12.0,24.0,-34.0,-38.0,13.0
226,2020-03-29,Colorado,Total,-51.0,-27.0,-12.0,-60.0,-40.0,13.0
227,2020-03-29,Colorado,Adams County,-49.0,-25.0,-12.0,-30.0,-36.0,13.0
229,2020-03-29,Colorado,Arapahoe County,-52.0,-30.0,14.0,-36.0,-40.0,14.0
231,2020-03-29,Colorado,Boulder County,-59.0,-32.0,-7.0,-44.0,-47.0,15.0
232,2020-03-29,Colorado,Broomfield County,-57.0,-30.0,9.0,-46.0,-41.0,30.0
237,2020-03-29,Colorado,Denver County,-63.0,-25.0,-17.0,-75.0,-43.0,16.0
238,2020-03-29,Colorado,Douglas County,-56.0,-36.0,10.0,-50.0,-43.0,14.0
239,2020-03-29,Colorado,Eagle County,-75.0,-47.0,-46.0,-67.0,-74.0,26.0
240,2020-03-29,Colorado,El Paso County,-45.0,-22.0,-1.0,-55.0,-40.0,12.0
243,2020-03-29,Colorado,Garfield County,-51.0,-35.0,4.0,-34.0,-45.0,22.0
248,2020-03-29,Colorado,Jefferson County,-53.0,-41.0,-3.0,-39.0,-43.0,14.0
250,2020-03-29,Colorado,La Plata County,-58.0,-28.0,4.0,-68.0,-43.0,25.0
252,2020-03-29,Colorado,Larimer County,-53.0,-27.0,1.0,-38.0,-38.0,13.0
256,2020-03-29,Colorado,Mesa County,-40.0,-21.0,11.0,-35.0,-35.0,9.0
260,2020-03-29,Colorado,Morgan County,-40.0,-33.0,0.0,-23.0,-18.0,14.0
266,2020-03-29,Colorado,Pueblo County,-42.0,-21.0,-45.0,-32.0,-29.0,9.0
269,2020-03-29,Colorado,Routt County,-82.0,-49.0,-48.0,-65.0,-62.0,-2.0
272,2020-03-29,Colorado,Summit County,-86.0,-73.0,-74.0,-67.0,-71.0,5.0
274,2020-03-29,Colorado,Weld County,-42.0,-26.0,-4.0,-32.0,-33.0,12.0
276,2020-03-29,Connecticut,Total,-56.0,-32.0,-52.0,-64.0,-38.0,15.0
277,2020-03-29,Connecticut,Fairfield County,-61.0,-35.0,-60.0,-72.0,-44.0,17.0
278,2020-03-29,Connecticut,Hartford County,-56.0,-31.0,-48.0,-61.0,-35.0,13.0
280,2020-03-29,Connecticut,Middlesex County,-58.0,-28.0,-49.0,-60.0,-38.0,15.0
281,2020-03-29,Connecticut,New Haven County,-56.0,-31.0,-52.0,-62.0,-36.0,14.0
282,2020-03-29,Connecticut,New London County,-56.0,-28.0,-45.0,-67.0,-41.0,15.0
283,2020-03-29,Connecticut,Tolland County,-59.0,-33.0,-38.0,-38.0,-37.0,14.0
284,2020-03-29,Connecticut,Windham County,-42.0,-27.0,-58.0,-69.0,-32.0,12.0
285,2020-03-29,Delaware,Total,-47.0,-28.0,-6.0,-57.0,-37.0,12.0
286,2020-03-29,Delaware,Kent County,-45.0,-32.0,2.0,-50.0,-35.0,11.0
287,2020-03-29,Delaware,New Castle County,-48.0,-31.0,5.0,-60.0,-37.0,13.0
288,2020-03-29,Delaware,Sussex County,-46.0,-23.0,-5.0,-40.0,-36.0,11.0
289,2020-03-29,District of Columbia,Total,-64.0,-30.0,-41.0,-68.0,-47.0,14.0
290,2020-03-29,Florida,Total,-50.0,-26.0,-48.0,-63.0,-41.0,13.0
291,2020-03-29,Florida,Alachua County,-54.0,-26.0,-32.0,-48.0,-37.0,12.0
293,2020-03-29,Florida,Bay County,-38.0,-16.0,-2.0,-50.0,-27.0,8.0
295,2020-03-29,Florida,Brevard County,-44.0,-22.0,-26.0,-37.0,-38.0,11.0
296,2020-03-29,Florida,Broward County,-52.0,-28.0,-62.0,-72.0,-42.0,16.0
298,2020-03-29,Florida,Charlotte County,-49.0,-25.0,-35.0,-33.0,-40.0,10.0
301,2020-03-29,Florida,Collier County,-56.0,-29.0,-62.0,-56.0,-44.0,14.0
302,2020-03-29,Florida,Columbia County,-36.0,-8.0,-41.0,-25.0,-25.0,8.0
305,2020-03-29,Florida,Duval County,-36.0,-13.0,-26.0,-40.0,-33.0,10.0
306,2020-03-29,Florida,Escambia County,-38.0,-10.0,-11.0,-47.0,-32.0,9.0
316,2020-03-29,Florida,Hernando County,-36.0,-16.0,-10.0,-37.0,-36.0,10.0
318,2020-03-29,Florida,Hillsborough County,-52.0,-30.0,-53.0,-67.0,-42.0,14.0
320,2020-03-29,Florida,Indian River County,-46.0,-29.0,-30.0,-47.0,-38.0,11.0
324,2020-03-29,Florida,Lake County,-42.0,-24.0,-24.0,-57.0,-41.0,12.0
325,2020-03-29,Florida,Lee County,-55.0,-28.0,-60.0,-69.0,-41.0,12.0
326,2020-03-29,Florida,Leon County,-45.0,-22.0,0.0,-50.0,-36.0,11.0
330,2020-03-29,Florida,Manatee County,-48.0,-22.0,-28.0,-63.0,-36.0,11.0
331,2020-03-29,Florida,Marion County,-41.0,-21.0,-40.0,-31.0,-34.0,9.0
332,2020-03-29,Florida,Martin County,-50.0,-28.0,-28.0,-59.0,-37.0,12.0
333,2020-03-29,Florida,Miami-Dade County,-57.0,-35.0,-77.0,-71.0,-46.0,18.0
334,2020-03-29,Florida,Monroe County,-74.0,-47.0,-76.0,-76.0,-55.0,15.0
335,2020-03-29,Florida,Nassau County,-40.0,-18.0,-24.0,-68.0,-34.0,10.0
336,2020-03-29,Florida,Okaloosa County,-39.0,-14.0,-7.0,-62.0,-32.0,9.0
337,2020-03-29,Florida,Okeechobee County,-37.0,-10.0,-23.0,-84.0,-33.0,11.0
338,2020-03-29,Florida,Orange County,-70.0,-42.0,-59.0,-80.0,-53.0,17.0
339,2020-03-29,Florida,Osceola County,-64.0,-40.0,-49.0,-65.0,-54.0,18.0
340,2020-03-29,Florida,Palm Beach County,-49.0,-23.0,-65.0,-61.0,-40.0,15.0
341,2020-03-29,Florida,Pasco County,-40.0,-24.0,-10.0,-25.0,-35.0,11.0
342,2020-03-29,Florida,Pinellas County,-51.0,-25.0,-16.0,-44.0,-39.0,12.0
343,2020-03-29,Florida,Polk County,-40.0,-22.0,-28.0,-29.0,-38.0,11.0
346,2020-03-29,Florida,Sarasota County,-52.0,-28.0,-59.0,-28.0,-41.0,11.0
347,2020-03-29,Florida,Seminole County,-48.0,-21.0,-19.0,-74.0,-42.0,13.0
348,2020-03-29,Florida,St. Johns County,-48.0,-13.0,-53.0,-34.0,-41.0,11.0
349,2020-03-29,Florida,St. Lucie County,-40.0,-14.0,-22.0,-52.0,-34.0,11.0
350,2020-03-29,Florida,Sumter County,-50.0,-21.0,-31.0,-36.0,-45.0,10.0
351,2020-03-29,Florida,Suwannee County,-28.0,-14.0,0.0,-42.0,-27.0,11.0
354,2020-03-29,Florida,Volusia County,-42.0,-19.0,-10.0,-39.0,-38.0,10.0
356,2020-03-29,Florida,Walton County,-46.0,-23.0,-29.0,-21.0,-31.0,9.0
358,2020-03-29,Georgia,Total,-42.0,-17.0,-2.0,-52.0,-37.0,11.0
365,2020-03-29,Georgia,Bartow County,-42.0,-5.0,40.0,-25.0,-33.0,9.0
368,2020-03-29,Georgia,Bibb County,-43.0,-16.0,36.0,-27.0,-32.0,10.0
372,2020-03-29,Georgia,Bryan County,-45.0,-19.0,-9.0,-29.0,-36.0,18.0
376,2020-03-29,Georgia,Camden County,-35.0,3.0,7.0,-29.0,-30.0,16.0
378,2020-03-29,Georgia,Carroll County,-38.0,-18.0,12.0,-25.0,-36.0,10.0
381,2020-03-29,Georgia,Chatham County,-50.0,-24.0,-32.0,-48.0,-41.0,11.0
385,2020-03-29,Georgia,Clarke County,-51.0,-24.0,-21.0,-30.0,-41.0,12.0
386,2020-03-29,Georgia,Clayton County,-30.0,-18.0,15.0,-80.0,-33.0,11.0
388,2020-03-29,Georgia,Cobb County,-49.0,-22.0,-47.0,-38.0,-41.0,13.0
391,2020-03-29,Georgia,Columbia County,-35.0,-7.0,-20.0,-44.0,-37.0,11.0
393,2020-03-29,Georgia,Coweta County,-46.0,-16.0,-56.0,-15.0,-35.0,11.0
398,2020-03-29,Georgia,DeKalb County,-47.0,-26.0,-15.0,-27.0,-42.0,13.0
402,2020-03-29,Georgia,Dougherty County,-51.0,-24.0,-37.0,-30.0,-34.0,11.0
403,2020-03-29,Georgia,Douglas County,-40.0,-26.0,-2.0,-28.0,-37.0,11.0
414,2020-03-29,Georgia,Fulton County,-54.0,-26.0,-44.0,-47.0,-43.0,13.0
416,2020-03-29,Georgia,Glynn County,-45.0,-22.0,-32.0,-39.0,-40.0,10.0
420,2020-03-29,Georgia,Gwinnett County,-50.0,-24.0,-9.0,-42.0,-46.0,15.0
422,2020-03-29,Georgia,Hall County,-39.0,-19.0,51.0,-20.0,-34.0,10.0
424,2020-03-29,Georgia,Haralson County,-27.0,-6.0,-29.0,-22.0,-33.0,8.0
442,2020-03-29,Georgia,Liberty County,-32.0,-17.0,-17.0,-22.0,-27.0,10.0
445,2020-03-29,Georgia,Lowndes County,-45.0,-17.0,-13.0,-21.0,-29.0,8.0
455,2020-03-29,Georgia,Monroe County,-39.0,3.0,11.0,-35.0,-32.0,-2.0
459,2020-03-29,Georgia,Muscogee County,-44.0,-8.0,19.0,-56.0,-29.0,9.0
473,2020-03-29,Georgia,Richmond County,-40.0,-5.0,26.0,-51.0,-31.0,8.0
503,2020-03-29,Georgia,Whitfield County,-34.0,-7.0,-45.0,-23.0,-25.0,9.0
508,2020-03-29,Hawaii,Total,-56.0,-36.0,-65.0,-72.0,-45.0,16.0
509,2020-03-29,Hawaii,Hawaii County,-61.0,-47.0,-77.0,-84.0,-41.0,15.0
510,2020-03-29,Hawaii,Honolulu County,-53.0,-32.0,-58.0,-69.0,-44.0,16.0
511,2020-03-29,Hawaii,Kauai County,-69.0,-53.0,-74.0,-83.0,-48.0,26.0
512,2020-03-29,Hawaii,Maui County,-64.0,-40.0,-73.0,-85.0,-54.0,17.0
513,2020-03-29,Idaho,Total,-42.0,-18.0,25.0,-34.0,-38.0,10.0
514,2020-03-29,Idaho,Ada County,-49.0,-23.0,33.0,-54.0,-43.0,11.0
515,2020-03-29,Idaho,Bannock County,-39.0,-24.0,-6.0,-28.0,-37.0,9.0
522,2020-03-29,Idaho,Bonneville County,-38.0,-11.0,59.0,-21.0,-34.0,9.0
524,2020-03-29,Idaho,Canyon County,-41.0,-15.0,35.0,-15.0,-37.0,9.0
536,2020-03-29,Idaho,Kootenai County,-42.0,-20.0,26.0,-18.0,-40.0,10.0
542,2020-03-29,Idaho,Nez Perce County,-46.0,-14.0,-24.0,-55.0,-31.0,18.0
552,2020-03-29,Illinois,Total,-53.0,-24.0,-29.0,-55.0,-39.0,13.0
560,2020-03-29,Illinois,Champaign County,-54.0,-29.0,44.0,-48.0,-40.0,13.0
566,2020-03-29,Illinois,Cook County,-58.0,-26.0,-45.0,-63.0,-45.0,15.0
572,2020-03-29,Illinois,DuPage County,-60.0,-29.0,-42.0,-51.0,-45.0,15.0
593,2020-03-29,Illinois,Kane County,-57.0,-27.0,-20.0,-46.0,-39.0,14.0
597,2020-03-29,Illinois,LaSalle County,-53.0,0.0,-62.0,-18.0,-32.0,11.0
598,2020-03-29,Illinois,Lake County,-57.0,-25.0,-36.0,-58.0,-41.0,14.0
605,2020-03-29,Illinois,Madison County,-39.0,-17.0,58.0,-24.0,-34.0,10.0
611,2020-03-29,Illinois,McHenry County,-54.0,-23.0,-26.0,-61.0,-38.0,13.0
612,2020-03-29,Illinois,McLean County,-53.0,-28.0,1.0,-37.0,-41.0,12.0
620,2020-03-29,Illinois,Peoria County,-50.0,-19.0,-16.0,-45.0,-35.0,11.0
628,2020-03-29,Illinois,Rock Island County,-50.0,0.0,-55.0,-57.0,-36.0,10.0
630,2020-03-29,Illinois,Sangamon County,-47.0,-18.0,31.0,-38.0,-36.0,10.0
633,2020-03-29,Illinois,St. Clair County,-45.0,-13.0,52.0,-26.0,-34.0,10.0
645,2020-03-29,Illinois,Will County,-54.0,-27.0,-36.0,-28.0,-36.0,14.0
646,2020-03-29,Illinois,Williamson County,-33.0,-15.0,-45.0,-16.0,-32.0,17.0
647,2020-03-29,Illinois,Winnebago County,-47.0,-30.0,-40.0,-40.0,-36.0,11.0
649,2020-03-29,Indiana,Total,-48.0,-25.0,24.0,-34.0,-36.0,11.0
651,2020-03-29,Indiana,Allen County,-54.0,-36.0,13.0,-44.0,-39.0,12.0
652,2020-03-29,Indiana,Bartholomew County,-49.0,-30.0,10.0,-28.0,-45.0,26.0
659,2020-03-29,Indiana,Clark County,-48.0,-10.0,64.0,-14.0,-36.0,10.0
669,2020-03-29,Indiana,Elkhart County,-43.0,-35.0,18.0,-19.0,-35.0,10.0
681,2020-03-29,Indiana,Hendricks County,-47.0,-26.0,-13.0,-19.0,-39.0,12.0
690,2020-03-29,Indiana,Johnson County,-51.0,-22.0,-5.0,-24.0,-37.0,11.0
693,2020-03-29,Indiana,LaGrange County,-70.0,-25.0,-46.0,-32.0,-36.0,9.0
694,2020-03-29,Indiana,LaPorte County,-49.0,-24.0,-23.0,-43.0,-32.0,10.0
695,2020-03-29,Indiana,Lake County,-52.0,-27.0,-18.0,-25.0,-38.0,13.0
698,2020-03-29,Indiana,Marion County,-52.0,-27.0,17.0,-49.0,-38.0,11.0
702,2020-03-29,Indiana,Monroe County,-53.0,-33.0,39.0,-40.0,-42.0,12.0
713,2020-03-29,Indiana,Porter County,-54.0,-28.0,20.0,-39.0,-34.0,13.0
723,2020-03-29,Indiana,St. Joseph County,-53.0,-26.0,-17.0,-37.0,-35.0,11.0
728,2020-03-29,Indiana,Tippecanoe County,-57.0,-37.0,5.0,-27.0,-41.0,12.0
731,2020-03-29,Indiana,Vanderburgh County,-41.0,-16.0,-16.0,-53.0,-29.0,10.0
733,2020-03-29,Indiana,Vigo County,-47.0,-24.0,-12.0,-9.0,-36.0,9.0
742,2020-03-29,Iowa,Total,-43.0,-10.0,41.0,-28.0,-29.0,10.0
748,2020-03-29,Iowa,Black Hawk County,-46.0,-23.0,11.0,-14.0,-30.0,10.0
772,2020-03-29,Iowa,Dubuque County,-53.0,-9.0,-25.0,-63.0,-34.0,15.0
793,2020-03-29,Iowa,Johnson County,-58.0,-36.0,-6.0,-24.0,-36.0,13.0
798,2020-03-29,Iowa,Linn County,-52.0,-7.0,2.0,-55.0,-36.0,11.0
818,2020-03-29,Iowa,Polk County,-44.0,-9.0,66.0,-45.0,-34.0,10.0
819,2020-03-29,Iowa,Pottawattamie County,-33.0,2.0,14.0,-4.0,-30.0,7.0
822,2020-03-29,Iowa,Scott County,-50.0,-22.0,-1.0,-24.0,-31.0,11.0
840,2020-03-29,Kansas,Total,-36.0,-14.0,72.0,-20.0,-30.0,9.0
856,2020-03-29,Kansas,Douglas County,-50.0,-20.0,88.0,-26.0,-38.0,11.0
869,2020-03-29,Kansas,Johnson County,-42.0,-24.0,192.0,-20.0,-40.0,12.0
893,2020-03-29,Kansas,Saline County,-27.0,-16.0,-7.0,-11.0,-21.0,11.0
895,2020-03-29,Kansas,Sedgwick County,-38.0,-16.0,76.0,-37.0,-34.0,9.0
897,2020-03-29,Kansas,Shawnee County,-37.0,-16.0,55.0,13.0,-30.0,10.0
906,2020-03-29,Kansas,Wyandotte County,-43.0,-10.0,53.0,-5.0,-33.0,9.0
907,2020-03-29,Kentucky,Total,-37.0,-11.0,68.0,-34.0,-34.0,9.0
915,2020-03-29,Kentucky,Boone County,-44.0,-16.0,53.0,-54.0,-37.0,9.0
938,2020-03-29,Kentucky,Fayette County,-45.0,-12.0,57.0,-46.0,-39.0,10.0
959,2020-03-29,Kentucky,Jefferson County,-44.0,-10.0,83.0,-37.0,-38.0,10.0
962,2020-03-29,Kentucky,Kenton County,-35.0,-8.0,108.0,-2.0,-35.0,10.0
966,2020-03-29,Kentucky,Laurel County,-36.0,-14.0,61.0,-22.0,-30.0,14.0
978,2020-03-29,Kentucky,McCracken County,-40.0,-13.0,-24.0,-15.0,-34.0,16.0
1011,2020-03-29,Kentucky,Warren County,-42.0,-23.0,-26.0,-22.0,-37.0,10.0
1017,2020-03-29,Louisiana,Total,-45.0,-16.0,-18.0,-49.0,-35.0,11.0
1025,2020-03-29,Louisiana,Bossier Parish,-49.0,-19.0,4.0,-30.0,-37.0,12.0
1026,2020-03-29,Louisiana,Caddo Parish,-36.0,-9.0,-14.0,-31.0,-32.0,10.0
1027,2020-03-29,Louisiana,Calcasieu Parish,-40.0,-19.0,-6.0,-38.0,-34.0,11.0
1034,2020-03-29,Louisiana,East Baton Rouge Parish,-48.0,-16.0,-26.0,-44.0,-34.0,12.0
1043,2020-03-29,Louisiana,Jefferson Parish,-49.0,-20.0,-1.0,-84.0,-44.0,14.0
1045,2020-03-29,Louisiana,Lafayette Parish,-44.0,-22.0,15.0,-42.0,-31.0,11.0
1048,2020-03-29,Louisiana,Livingston Parish,-40.0,-12.0,-13.0,-16.0,-32.0,10.0
1052,2020-03-29,Louisiana,Orleans Parish,-71.0,-35.0,-55.0,-59.0,-54.0,16.0
1053,2020-03-29,Louisiana,Ouachita Parish,-41.0,-15.0,-24.0,-27.0,-29.0,9.0
1056,2020-03-29,Louisiana,Rapides Parish,-40.0,-15.0,-2.0,-55.0,-30.0,10.0
1064,2020-03-29,Louisiana,St. John the Baptist Parish,-34.0,-3.0,-67.0,-51.0,-37.0,22.0
1066,2020-03-29,Louisiana,St. Martin Parish,-34.0,-14.0,-10.0,-45.0,-29.0,19.0
1068,2020-03-29,Louisiana,St. Tammany Parish,-45.0,-19.0,3.0,-21.0,-35.0,11.0
1069,2020-03-29,Louisiana,Tangipahoa Parish,-35.0,-6.0,-20.0,-17.0,-32.0,10.0
1070,2020-03-29,Louisiana,Terrebonne Parish,-43.0,-12.0,25.0,-42.0,-32.0,9.0
1080,2020-03-29,Maine,Total,-50.0,-22.0,-24.0,-56.0,-31.0,10.0
1083,2020-03-29,Maine,Cumberland County,-60.0,-36.0,-38.0,-67.0,-37.0,13.0
1086,2020-03-29,Maine,Kennebec County,-42.0,-19.0,-37.0,-53.0,-28.0,10.0
1090,2020-03-29,Maine,Penobscot County,-45.0,-14.0,4.0,-29.0,-31.0,9.0
1096,2020-03-29,Maine,York County,-55.0,-23.0,-48.0,-64.0,-36.0,12.0
1097,2020-03-29,Maryland,Total,-45.0,-25.0,29.0,-51.0,-39.0,13.0
1098,2020-03-29,Maryland,Allegany County,-39.0,-17.0,-8.0,-32.0,-31.0,16.0
1099,2020-03-29,Maryland,Anne Arundel County,-49.0,-31.0,33.0,-76.0,-42.0,13.0
1100,2020-03-29,Maryland,Baltimore,-44.0,-18.0,12.0,-34.0,-37.0,12.0
1101,2020-03-29,Maryland,Baltimore County,-46.0,-21.0,10.0,-39.0,-36.0,13.0
1104,2020-03-29,Maryland,Carroll County,-43.0,-35.0,10.0,-50.0,-34.0,12.0
1105,2020-03-29,Maryland,Cecil County,-34.0,-32.0,-34.0,-57.0,-30.0,10.0
1106,2020-03-29,Maryland,Charles County,-41.0,-18.0,-42.0,-28.0,-39.0,13.0
1108,2020-03-29,Maryland,Frederick County,-49.0,-30.0,19.0,-35.0,-38.0,13.0
1110,2020-03-29,Maryland,Harford County,-43.0,-30.0,50.0,-62.0,-32.0,12.0
1111,2020-03-29,Maryland,Howard County,-57.0,-45.0,7.0,-30.0,-47.0,16.0
1113,2020-03-29,Maryland,Montgomery County,-51.0,-30.0,44.0,-50.0,-45.0,16.0
1114,2020-03-29,Maryland,Prince George's County,-40.0,-26.0,37.0,-50.0,-40.0,14.0
1119,2020-03-29,Maryland,Washington County,-42.0,-20.0,28.0,-22.0,-32.0,10.0
1122,2020-03-29,Massachusetts,Total,-59.0,-36.0,-56.0,-73.0,-42.0,16.0
1123,2020-03-29,Massachusetts,Barnstable County,-57.0,-28.0,-38.0,-67.0,-41.0,13.0
1124,2020-03-29,Massachusetts,Berkshire County,-49.0,-31.0,-36.0,-68.0,-35.0,12.0
1125,2020-03-29,Massachusetts,Bristol County,-54.0,-32.0,-44.0,-54.0,-35.0,13.0
1127,2020-03-29,Massachusetts,Essex County,-58.0,-39.0,-53.0,-60.0,-44.0,16.0
1128,2020-03-29,Massachusetts,Franklin County,-58.0,-40.0,-37.0,-39.0,-37.0,22.0
1129,2020-03-29,Massachusetts,Hampden County,-54.0,-28.0,-46.0,-56.0,-37.0,12.0
1130,2020-03-29,Massachusetts,Hampshire County,-60.0,-39.0,-45.0,-65.0,-43.0,15.0
1131,2020-03-29,Massachusetts,Middlesex County,-64.0,-41.0,-62.0,-73.0,-46.0,18.0
1133,2020-03-29,Massachusetts,Norfolk County,-63.0,-37.0,-57.0,-61.0,-44.0,17.0
1134,2020-03-29,Massachusetts,Plymouth County,-57.0,-32.0,-34.0,-54.0,-37.0,14.0
1135,2020-03-29,Massachusetts,Suffolk County,-71.0,-41.0,-68.0,-79.0,-51.0,18.0
1136,2020-03-29,Massachusetts,Worcester County,-55.0,-36.0,-60.0,-66.0,-38.0,14.0
1137,2020-03-29,Michigan,Total,-58.0,-28.0,15.0,-55.0,-43.0,12.0
1140,2020-03-29,Michigan,Allegan County,-49.0,-17.0,-21.0,-36.0,-39.0,12.0
1148,2020-03-29,Michigan,Berrien County,-50.0,-22.0,31.0,-37.0,-38.0,11.0
1150,2020-03-29,Michigan,Calhoun County,-53.0,-24.0,-13.0,-30.0,-42.0,11.0
1162,2020-03-29,Michigan,Genesee County,-55.0,-25.0,6.0,-48.0,-45.0,12.0
1165,2020-03-29,Michigan,Grand Traverse County,-60.0,-30.0,-8.0,-69.0,-43.0,15.0
1170,2020-03-29,Michigan,Ingham County,-64.0,-31.0,13.0,-63.0,-41.0,14.0
1175,2020-03-29,Michigan,Jackson County,-54.0,-23.0,-7.0,-41.0,-42.0,11.0
1176,2020-03-29,Michigan,Kalamazoo County,-61.0,-34.0,15.0,-56.0,-40.0,12.0
1178,2020-03-29,Michigan,Kent County,-65.0,-31.0,-26.0,-68.0,-44.0,13.0
1186,2020-03-29,Michigan,Macomb County,-59.0,-30.0,106.0,-33.0,-48.0,13.0
1194,2020-03-29,Michigan,Monroe County,-54.0,-30.0,52.0,-21.0,-34.0,11.0
1199,2020-03-29,Michigan,Oakland County,-65.0,-35.0,31.0,-50.0,-50.0,14.0
1206,2020-03-29,Michigan,Ottawa County,-57.0,-32.0,33.0,-20.0,-48.0,13.0
1209,2020-03-29,Michigan,Saginaw County,-60.0,-24.0,-10.0,-61.0,-43.0,12.0
1213,2020-03-29,Michigan,St. Clair County,-50.0,-30.0,38.0,-32.0,-37.0,11.0
1217,2020-03-29,Michigan,Washtenaw County,-65.0,-48.0,53.0,-49.0,-53.0,15.0
1218,2020-03-29,Michigan,Wayne County,-57.0,-25.0,24.0,-61.0,-45.0,13.0
1220,2020-03-29,Minnesota,Total,-58.0,-35.0,-16.0,-64.0,-38.0,14.0
1222,2020-03-29,Minnesota,Anoka County,-55.0,-34.0,12.0,-45.0,-39.0,15.0
1239,2020-03-29,Minnesota,Dakota County,-57.0,-37.0,-16.0,-43.0,-41.0,15.0
1241,2020-03-29,Minnesota,Douglas County,-56.0,-38.0,-47.0,-20.0,-35.0,17.0
1247,2020-03-29,Minnesota,Hennepin County,-64.0,-37.0,-17.0,-74.0,-44.0,16.0
1274,2020-03-29,Minnesota,Olmsted County,-62.0,-35.0,-13.0,-57.0,-40.0,15.0
1281,2020-03-29,Minnesota,Ramsey County,-64.0,-34.0,-29.0,-43.0,-42.0,15.0
1284,2020-03-29,Minnesota,Rice County,-51.0,-28.0,-48.0,-43.0,-39.0,18.0
1290,2020-03-29,Minnesota,St. Louis County,-64.0,-41.0,-35.0,-56.0,-37.0,14.0
1291,2020-03-29,Minnesota,Stearns County,-61.0,-37.0,-53.0,-62.0,-36.0,14.0
1292,2020-03-29,Minnesota,Steele County,-53.0,-27.0,-60.0,-44.0,-33.0,19.0
1299,2020-03-29,Minnesota,Washington County,-55.0,-39.0,-8.0,-38.0,-40.0,16.0
1305,2020-03-29,Mississippi,Total,-32.0,-7.0,27.0,-29.0,-30.0,9.0
1321,2020-03-29,Mississippi,DeSoto County,-37.0,-7.0,50.0,-25.0,-34.0,10.0
1327,2020-03-29,Mississippi,Harrison County,-39.0,-13.0,51.0,-41.0,-44.0,10.0
1328,2020-03-29,Mississippi,Hinds County,-28.0,0.0,10.0,-9.0,-29.0,9.0
1332,2020-03-29,Mississippi,Jackson County,-28.0,-9.0,19.0,-38.0,-38.0,10.0
1339,2020-03-29,Mississippi,Lauderdale County,-38.0,-14.0,8.0,-29.0,-35.0,14.0
1346,2020-03-29,Mississippi,Madison County,-33.0,-11.0,45.0,-45.0,-37.0,21.0
1362,2020-03-29,Mississippi,Rankin County,-42.0,-12.0,-9.0,-42.0,-27.0,10.0
1383,2020-03-29,Missouri,Total,-38.0,-12.0,73.0,-34.0,-32.0,9.0
1392,2020-03-29,Missouri,Boone County,-55.0,-18.0,65.0,-58.0,-36.0,10.0
1400,2020-03-29,Missouri,Cass County,-26.0,-17.0,29.0,-14.0,-33.0,9.0
1405,2020-03-29,Missouri,Clay County,-32.0,-17.0,214.0,-30.0,-38.0,10.0
1417,2020-03-29,Missouri,Franklin County,-33.0,2.0,61.0,-12.0,-25.0,8.0
1420,2020-03-29,Missouri,Greene County,-45.0,-30.0,43.0,-34.0,-36.0,10.0
1428,2020-03-29,Missouri,Jackson County,-43.0,-14.0,28.0,-13.0,-36.0,10.0
1429,2020-03-29,Missouri,Jasper County,-26.0,-10.0,42.0,-11.0,-22.0,7.0
1430,2020-03-29,Missouri,Jefferson County,-36.0,-16.0,94.0,6.0,-33.0,9.0
1451,2020-03-29,Missouri,Newton County,-27.0,-7.0,7.0,-19.0,-26.0,13.0
1461,2020-03-29,Missouri,Platte County,-46.0,15.0,-19.0,-80.0,-40.0,15.0
1473,2020-03-29,Missouri,St. Charles County,-45.0,-13.0,63.0,-16.0,-37.0,11.0
1476,2020-03-29,Missouri,St. Louis,-52.0,-7.0,34.0,-35.0,-36.0,11.0
1477,2020-03-29,Missouri,St. Louis County,-45.0,-21.0,87.0,-59.0,-38.0,11.0
1490,2020-03-29,Montana,Total,-51.0,-25.0,28.0,-37.0,-37.0,10.0
1496,2020-03-29,Montana,Cascade County,-48.0,-26.0,-22.0,-70.0,-32.0,12.0
1501,2020-03-29,Montana,Flathead County,-53.0,-29.0,-35.0,-50.0,-42.0,10.0
1502,2020-03-29,Montana,Gallatin County,-63.0,-39.0,61.0,-66.0,-51.0,12.0
1511,2020-03-29,Montana,Missoula County,-55.0,-30.0,31.0,-28.0,-36.0,11.0
1524,2020-03-29,Montana,Yellowstone County,-49.0,-21.0,114.0,-45.0,-32.0,8.0
1525,2020-03-29,Nebraska,Total,-34.0,-9.0,109.0,-18.0,-24.0,8.0
1545,2020-03-29,Nebraska,Douglas County,-41.0,-7.0,55.0,-38.0,-30.0,9.0
1557,2020-03-29,Nebraska,Lancaster County,-39.0,-19.0,156.0,-18.0,-26.0,8.0
1571,2020-03-29,Nebraska,Sarpy County,-36.0,-15.0,191.0,23.0,-30.0,9.0
1581,2020-03-29,Nevada,Total,-47.0,-23.0,-38.0,-62.0,-52.0,14.0
1584,2020-03-29,Nevada,Clark County,-48.0,-26.0,-47.0,-66.0,-56.0,15.0
1586,2020-03-29,Nevada,Elko County,-40.0,10.0,7.0,-11.0,-35.0,17.0
1591,2020-03-29,Nevada,Nye County,-26.0,-15.0,-52.0,-20.0,-40.0,13.0
1594,2020-03-29,Nevada,Washoe County,-44.0,-21.0,6.0,-64.0,-42.0,12.0
1596,2020-03-29,New Hampshire,Total,-58.0,-35.0,-63.0,-63.0,-38.0,13.0
1601,2020-03-29,New Hampshire,Grafton County,-62.0,-37.0,-71.0,-45.0,-44.0,20.0
1602,2020-03-29,New Hampshire,Hillsborough County,-62.0,-37.0,-55.0,-57.0,-38.0,14.0
1603,2020-03-29,New Hampshire,Merrimack County,-58.0,-31.0,-59.0,-76.0,-37.0,13.0
1604,2020-03-29,New Hampshire,Rockingham County,-59.0,-36.0,-63.0,-60.0,-39.0,14.0
1605,2020-03-29,New Hampshire,Strafford County,-51.0,-38.0,-53.0,-39.0,-38.0,13.0
1607,2020-03-29,New Jersey,Total,-59.0,-33.0,-36.0,-70.0,-44.0,16.0
1608,2020-03-29,New Jersey,Atlantic County,-56.0,-30.0,11.0,-72.0,-55.0,16.0
1609,2020-03-29,New Jersey,Bergen County,-66.0,-37.0,-64.0,-64.0,-50.0,19.0
1610,2020-03-29,New Jersey,Burlington County,-53.0,-39.0,7.0,-53.0,-38.0,14.0
1611,2020-03-29,New Jersey,Camden County,-50.0,-30.0,-29.0,-59.0,-37.0,13.0
1612,2020-03-29,New Jersey,Cape May County,-49.0,-27.0,-14.0,-59.0,-41.0,19.0
1613,2020-03-29,New Jersey,Cumberland County,-36.0,-19.0,-35.0,-28.0,-25.0,10.0
1614,2020-03-29,New Jersey,Essex County,-60.0,-27.0,-50.0,-78.0,-43.0,17.0
1615,2020-03-29,New Jersey,Gloucester County,-54.0,-30.0,-3.0,-15.0,-36.0,13.0
1616,2020-03-29,New Jersey,Hudson County,-62.0,-38.0,-69.0,-72.0,-51.0,18.0
1617,2020-03-29,New Jersey,Hunterdon County,-64.0,-35.0,21.0,-31.0,-42.0,28.0
1618,2020-03-29,New Jersey,Mercer County,-55.0,-25.0,-27.0,-74.0,-43.0,15.0
1619,2020-03-29,New Jersey,Middlesex County,-64.0,-41.0,-31.0,-77.0,-44.0,17.0
1620,2020-03-29,New Jersey,Monmouth County,-62.0,-34.0,-32.0,-67.0,-44.0,17.0
1621,2020-03-29,New Jersey,Morris County,-63.0,-39.0,-43.0,-64.0,-47.0,18.0
1622,2020-03-29,New Jersey,Ocean County,-55.0,-31.0,-25.0,-58.0,-42.0,15.0
1623,2020-03-29,New Jersey,Passaic County,-66.0,-34.0,-53.0,-55.0,-46.0,16.0
1624,2020-03-29,New Jersey,Salem County,-39.0,-21.0,-22.0,-61.0,-28.0,18.0
1625,2020-03-29,New Jersey,Somerset County,-61.0,-36.0,-31.0,-60.0,-47.0,17.0
1626,2020-03-29,New Jersey,Sussex County,-57.0,-27.0,-39.0,-53.0,-39.0,15.0
1627,2020-03-29,New Jersey,Union County,-62.0,-32.0,-40.0,-61.0,-44.0,17.0
1628,2020-03-29,New Jersey,Warren County,-47.0,-37.0,-35.0,-40.0,-35.0,14.0
1629,2020-03-29,New Mexico,Total,-44.0,-18.0,-12.0,-31.0,-34.0,11.0
1630,2020-03-29,New Mexico,Bernalillo County,-46.0,-22.0,8.0,-43.0,-37.0,11.0
1631,2020-03-29,New Mexico,Chaves County,-46.0,-26.0,-41.0,-49.0,-26.0,12.0
1634,2020-03-29,New Mexico,Curry County,-38.0,-17.0,-32.0,-38.0,-25.0,16.0
1635,2020-03-29,New Mexico,Do√±a Ana County,-41.0,-19.0,-15.0,-34.0,-33.0,12.0
1636,2020-03-29,New Mexico,Eddy County,-38.0,-20.0,-39.0,-35.0,-20.0,12.0
1640,2020-03-29,New Mexico,Lea County,-44.0,-9.0,-24.0,-34.0,-26.0,13.0
1649,2020-03-29,New Mexico,San Juan County,-42.0,-15.0,2.0,-38.0,-26.0,10.0
1651,2020-03-29,New Mexico,Sandoval County,-34.0,-13.0,3.0,-28.0,-42.0,11.0
1652,2020-03-29,New Mexico,Santa Fe County,-52.0,-23.0,-23.0,-51.0,-44.0,12.0
1658,2020-03-29,New Mexico,Valencia County,-38.0,-8.0,-10.0,-21.0,-33.0,13.0
1659,2020-03-29,New York,Total,-62.0,-32.0,-47.0,-68.0,-46.0,16.0
1660,2020-03-29,New York,Albany County,-59.0,-30.0,-15.0,-64.0,-36.0,13.0
1662,2020-03-29,New York,Bronx County,-64.0,-30.0,-51.0,-55.0,-50.0,16.0
1663,2020-03-29,New York,Broome County,-51.0,-27.0,5.0,-43.0,-34.0,11.0
1673,2020-03-29,New York,Dutchess County,-54.0,-28.0,-34.0,-72.0,-38.0,14.0
1674,2020-03-29,New York,Erie County,-52.0,-23.0,64.0,-49.0,-37.0,10.0
1682,2020-03-29,New York,Kings County,-68.0,-33.0,-55.0,-63.0,-51.0,18.0
1686,2020-03-29,New York,Monroe County,-48.0,-27.0,115.0,-41.0,-36.0,11.0
1688,2020-03-29,New York,Nassau County,-66.0,-34.0,-60.0,-69.0,-47.0,19.0
1689,2020-03-29,New York,New York County,-86.0,-51.0,-79.0,-78.0,-57.0,19.0
1690,2020-03-29,New York,Niagara County,-40.0,-15.0,14.0,-59.0,-33.0,10.0
1691,2020-03-29,New York,Oneida County,-45.0,-25.0,-6.0,-50.0,-33.0,10.0
1692,2020-03-29,New York,Onondaga County,-53.0,-29.0,38.0,-55.0,-36.0,11.0
1693,2020-03-29,New York,Ontario County,-55.0,-21.0,-26.0,-62.0,-35.0,9.0
1694,2020-03-29,New York,Orange County,-58.0,-38.0,-24.0,-61.0,-40.0,15.0
1698,2020-03-29,New York,Putnam County,-54.0,-31.0,-36.0,-69.0,-40.0,28.0
1699,2020-03-29,New York,Queens County,-69.0,-37.0,-52.0,-75.0,-58.0,20.0
1700,2020-03-29,New York,Rensselaer County,-50.0,-23.0,-25.0,-54.0,-36.0,12.0
1701,2020-03-29,New York,Richmond County,-59.0,-31.0,-48.0,-60.0,-42.0,17.0
1702,2020-03-29,New York,Rockland County,-67.0,-35.0,-49.0,-68.0,-47.0,20.0
1703,2020-03-29,New York,Saratoga County,-60.0,-29.0,-48.0,-52.0,-35.0,13.0
1704,2020-03-29,New York,Schenectady County,-46.0,-24.0,-20.0,-48.0,-31.0,12.0
1709,2020-03-29,New York,Steuben County,-39.0,-23.0,-12.0,-22.0,-29.0,10.0
1710,2020-03-29,New York,Suffolk County,-58.0,-31.0,-42.0,-70.0,-41.0,16.0
1713,2020-03-29,New York,Tompkins County,-59.0,-34.0,28.0,-50.0,-48.0,28.0
1714,2020-03-29,New York,Ulster County,-53.0,-30.0,-41.0,-69.0,-35.0,14.0
1715,2020-03-29,New York,Warren County,-56.0,-21.0,-46.0,-43.0,-36.0,18.0
1718,2020-03-29,New York,Westchester County,-64.0,-37.0,-47.0,-66.0,-47.0,18.0
1721,2020-03-29,North Carolina,Total,-40.0,-15.0,13.0,-51.0,-35.0,10.0
1722,2020-03-29,North Carolina,Alamance County,-39.0,-7.0,34.0,-18.0,-33.0,9.0
1731,2020-03-29,North Carolina,Brunswick County,-27.0,-11.0,26.0,-33.0,-33.0,8.0
1732,2020-03-29,North Carolina,Buncombe County,-60.0,-30.0,-9.0,-70.0,-45.0,13.0
1734,2020-03-29,North Carolina,Cabarrus County,-50.0,-26.0,6.0,-33.0,-41.0,12.0
1739,2020-03-29,North Carolina,Catawba County,-41.0,-8.0,49.0,-11.0,-29.0,8.0
1746,2020-03-29,North Carolina,Craven County,-30.0,-2.0,35.0,-25.0,-32.0,7.0
1747,2020-03-29,North Carolina,Cumberland County,-31.0,-11.0,18.0,-32.0,-34.0,8.0
1750,2020-03-29,North Carolina,Davidson County,-32.0,-12.0,60.0,-18.0,-31.0,9.0
1753,2020-03-29,North Carolina,Durham County,-50.0,-28.0,-7.0,-36.0,-43.0,13.0
1755,2020-03-29,North Carolina,Forsyth County,-45.0,-28.0,57.0,-17.0,-39.0,11.0
1762,2020-03-29,North Carolina,Guilford County,-47.0,-29.0,20.0,-42.0,-39.0,12.0
1764,2020-03-29,North Carolina,Harnett County,-23.0,-3.0,0.0,-9.0,-32.0,8.0
1765,2020-03-29,North Carolina,Haywood County,-40.0,-21.0,24.0,-19.0,-35.0,9.0
1766,2020-03-29,North Carolina,Henderson County,-49.0,-26.0,25.0,-46.0,-38.0,11.0
1769,2020-03-29,North Carolina,Iredell County,-35.0,-7.0,38.0,-15.0,-31.0,8.0
1771,2020-03-29,North Carolina,Johnston County,-36.0,-14.0,21.0,-14.0,-33.0,9.0
1779,2020-03-29,North Carolina,McDowell County,-20.0,-2.0,35.0,-23.0,-18.0,12.0
1780,2020-03-29,North Carolina,Mecklenburg County,-53.0,-23.0,1.0,-70.0,-43.0,13.0
1782,2020-03-29,North Carolina,Montgomery County,-21.0,24.0,9.0,-19.0,-24.0,-1.0
1784,2020-03-29,North Carolina,Nash County,-32.0,-1.0,-39.0,-16.0,-29.0,7.0
1785,2020-03-29,North Carolina,New Hanover County,-43.0,-17.0,12.0,-63.0,-34.0,9.0
1787,2020-03-29,North Carolina,Onslow County,-30.0,-5.0,25.0,-61.0,-29.0,7.0
1788,2020-03-29,North Carolina,Orange County,-56.0,-39.0,-20.0,-50.0,-44.0,14.0
1794,2020-03-29,North Carolina,Pitt County,-47.0,-20.0,6.0,-38.0,-32.0,9.0
1799,2020-03-29,North Carolina,Rockingham County,-20.0,-3.0,-12.0,-8.0,-30.0,8.0
1800,2020-03-29,North Carolina,Rowan County,-38.0,-6.0,66.0,-28.0,-30.0,8.0
1806,2020-03-29,North Carolina,Surry County,-24.0,-3.0,-20.0,-9.0,-29.0,12.0
1809,2020-03-29,North Carolina,Union County,-33.0,-18.0,4.0,-17.0,-38.0,11.0
1811,2020-03-29,North Carolina,Wake County,-51.0,-31.0,-1.0,-74.0,-43.0,13.0
1815,2020-03-29,North Carolina,Wayne County,-30.0,-5.0,22.0,-30.0,-24.0,7.0
1820,2020-03-29,North Dakota,Total,-44.0,-13.0,73.0,-36.0,-24.0,9.0
1823,2020-03-29,North Dakota,Burleigh County,-44.0,-14.0,26.0,-56.0,-25.0,11.0
1824,2020-03-29,North Dakota,Cass County,-54.0,-26.0,69.0,-34.0,-30.0,12.0
1826,2020-03-29,North Dakota,Grand Forks County,-46.0,-20.0,-48.0,-38.0,-28.0,20.0
1843,2020-03-29,Ohio,Total,-43.0,-19.0,117.0,-33.0,-35.0,10.0
1845,2020-03-29,Ohio,Allen County,-48.0,-25.0,13.0,-31.0,-29.0,10.0
1847,2020-03-29,Ohio,Ashtabula County,-28.0,-11.0,-1.0,-23.0,-22.0,8.0
1852,2020-03-29,Ohio,Butler County,-45.0,-20.0,136.0,-6.0,-35.0,10.0
1861,2020-03-29,Ohio,Cuyahoga County,-48.0,-20.0,137.0,-47.0,-36.0,10.0
1864,2020-03-29,Ohio,Delaware County,-59.0,-33.0,171.0,-32.0,-43.0,12.0
1868,2020-03-29,Ohio,Franklin County,-46.0,-22.0,106.0,-47.0,-40.0,11.0
1874,2020-03-29,Ohio,Hamilton County,-45.0,-18.0,139.0,-16.0,-37.0,10.0
1886,2020-03-29,Ohio,Lake County,-47.0,-22.0,146.0,-43.0,-32.0,10.0
1888,2020-03-29,Ohio,Licking County,-35.0,-18.0,39.0,-24.0,-32.0,9.0
1890,2020-03-29,Ohio,Lorain County,-42.0,-15.0,-8.0,-60.0,-35.0,10.0
1891,2020-03-29,Ohio,Lucas County,-52.0,-25.0,78.0,-21.0,-35.0,10.0
1893,2020-03-29,Ohio,Mahoning County,-42.0,-17.0,-25.0,-24.0,-36.0,9.0
1900,2020-03-29,Ohio,Montgomery County,-44.0,-16.0,104.0,-32.0,-36.0,10.0
1910,2020-03-29,Ohio,Portage County,-41.0,-14.0,26.0,-43.0,-35.0,10.0
1914,2020-03-29,Ohio,Ross County,-37.0,-10.0,-28.0,-7.0,-28.0,17.0
1919,2020-03-29,Ohio,Stark County,-40.0,-18.0,167.0,10.0,-32.0,9.0
1920,2020-03-29,Ohio,Summit County,-42.0,-17.0,139.0,-24.0,-36.0,10.0
1921,2020-03-29,Ohio,Trumbull County,-36.0,-9.0,80.0,-12.0,-30.0,8.0
1926,2020-03-29,Ohio,Warren County,-47.0,-17.0,23.0,-21.0,-40.0,11.0
1930,2020-03-29,Ohio,Wood County,-51.0,-37.0,-7.0,-23.0,-36.0,11.0
1932,2020-03-29,Oklahoma,Total,-36.0,-12.0,29.0,-23.0,-32.0,9.0
1939,2020-03-29,Oklahoma,Canadian County,-33.0,-20.0,85.0,-9.0,-37.0,10.0
1945,2020-03-29,Oklahoma,Comanche County,-38.0,-9.0,66.0,5.0,-38.0,9.0
1951,2020-03-29,Oklahoma,Garfield County,-38.0,-19.0,-36.0,-20.0,-23.0,13.0
1952,2020-03-29,Oklahoma,Garvin County,-18.0,-3.0,-27.0,-16.0,-19.0,-4.0
1972,2020-03-29,Oklahoma,McCurtain County,-23.0,-2.0,-11.0,-18.0,-18.0,9.0
1975,2020-03-29,Oklahoma,Muskogee County,-30.0,-10.0,1.0,-8.0,-24.0,14.0
1979,2020-03-29,Oklahoma,Oklahoma County,-43.0,-16.0,24.0,-37.0,-35.0,10.0
1995,2020-03-29,Oklahoma,Tulsa County,-42.0,-18.0,-22.0,-22.0,-36.0,10.0
2001,2020-03-29,Oregon,Total,-51.0,-25.0,-22.0,-47.0,-38.0,12.0
2003,2020-03-29,Oregon,Benton County,-60.0,-35.0,-5.0,-51.0,-46.0,25.0
2004,2020-03-29,Oregon,Clackamas County,-51.0,-23.0,-15.0,-44.0,-38.0,13.0
2005,2020-03-29,Oregon,Clatsop County,-60.0,-34.0,-58.0,-61.0,-44.0,17.0
2010,2020-03-29,Oregon,Deschutes County,-50.0,-24.0,-10.0,-66.0,-42.0,11.0
2011,2020-03-29,Oregon,Douglas County,-38.0,-18.0,-10.0,-13.0,-33.0,9.0
2015,2020-03-29,Oregon,Jackson County,-46.0,-19.0,12.0,-49.0,-34.0,9.0
2017,2020-03-29,Oregon,Josephine County,-40.0,-19.0,27.0,-33.0,-30.0,9.0
2018,2020-03-29,Oregon,Klamath County,-37.0,-11.0,21.0,-14.0,-33.0,8.0
2020,2020-03-29,Oregon,Lane County,-52.0,-28.0,-29.0,-65.0,-40.0,12.0
2022,2020-03-29,Oregon,Linn County,-44.0,-25.0,-9.0,-29.0,-32.0,11.0
2024,2020-03-29,Oregon,Marion County,-48.0,-23.0,-26.0,-33.0,-34.0,12.0
2026,2020-03-29,Oregon,Multnomah County,-61.0,-29.0,-23.0,-58.0,-41.0,14.0
2030,2020-03-29,Oregon,Umatilla County,-30.0,-6.0,-13.0,-23.0,-28.0,8.0
2034,2020-03-29,Oregon,Washington County,-53.0,-31.0,-6.0,-47.0,-41.0,14.0
2035,2020-03-29,Oregon,Yamhill County,-42.0,-24.0,11.0,-63.0,-39.0,12.0
2036,2020-03-29,Pennsylvania,Total,-50.0,-27.0,7.0,-52.0,-38.0,12.0
2038,2020-03-29,Pennsylvania,Allegheny County,-51.0,-21.0,83.0,-56.0,-41.0,11.0
2040,2020-03-29,Pennsylvania,Beaver County,-42.0,-20.0,-59.0,-44.0,-37.0,10.0
2042,2020-03-29,Pennsylvania,Berks County,-53.0,-32.0,-21.0,-24.0,-37.0,13.0
2043,2020-03-29,Pennsylvania,Blair County,-50.0,-16.0,-36.0,-25.0,-31.0,9.0
2045,2020-03-29,Pennsylvania,Bucks County,-52.0,-36.0,-8.0,-51.0,-40.0,14.0
2046,2020-03-29,Pennsylvania,Butler County,-49.0,-51.0,-4.0,-14.0,-40.0,11.0
2049,2020-03-29,Pennsylvania,Centre County,-71.0,-45.0,-24.0,-44.0,-54.0,16.0
2050,2020-03-29,Pennsylvania,Chester County,-54.0,-38.0,-44.0,-72.0,-41.0,14.0
2052,2020-03-29,Pennsylvania,Clearfield County,-33.0,-18.0,-34.0,-21.0,-23.0,13.0
2056,2020-03-29,Pennsylvania,Cumberland County,-53.0,-25.0,-15.0,-25.0,-37.0,13.0
2057,2020-03-29,Pennsylvania,Dauphin County,-55.0,-32.0,-18.0,-57.0,-35.0,12.0
2058,2020-03-29,Pennsylvania,Delaware County,-50.0,-28.0,13.0,-43.0,-40.0,14.0
2060,2020-03-29,Pennsylvania,Erie County,-45.0,-13.0,127.0,-30.0,-32.0,9.0
2062,2020-03-29,Pennsylvania,Franklin County,-41.0,-19.0,-40.0,-21.0,-30.0,10.0
2069,2020-03-29,Pennsylvania,Lackawanna County,-56.0,-28.0,-9.0,-45.0,-34.0,12.0
2070,2020-03-29,Pennsylvania,Lancaster County,-59.0,-38.0,-11.0,-67.0,-39.0,14.0
2072,2020-03-29,Pennsylvania,Lebanon County,-43.0,-23.0,-42.0,-28.0,-32.0,12.0
2073,2020-03-29,Pennsylvania,Lehigh County,-58.0,-32.0,-28.0,-49.0,-37.0,13.0
2074,2020-03-29,Pennsylvania,Luzerne County,-54.0,-25.0,-5.0,-30.0,-32.0,12.0
2075,2020-03-29,Pennsylvania,Lycoming County,-49.0,-21.0,-44.0,-44.0,-32.0,10.0
2079,2020-03-29,Pennsylvania,Monroe County,-59.0,-34.0,-49.0,-74.0,-45.0,13.0
2080,2020-03-29,Pennsylvania,Montgomery County,-58.0,-36.0,-4.0,-54.0,-44.0,15.0
2082,2020-03-29,Pennsylvania,Northampton County,-56.0,-32.0,-6.0,-61.0,-39.0,14.0
2085,2020-03-29,Pennsylvania,Philadelphia County,-57.0,-27.0,-47.0,-57.0,-42.0,14.0
2088,2020-03-29,Pennsylvania,Schuylkill County,-39.0,-16.0,-43.0,-6.0,-28.0,10.0
2090,2020-03-29,Pennsylvania,Somerset County,-36.0,-14.0,-20.0,-55.0,-26.0,19.0
2097,2020-03-29,Pennsylvania,Washington County,-45.0,-17.0,45.0,-16.0,-35.0,10.0
2099,2020-03-29,Pennsylvania,Westmoreland County,-44.0,-28.0,103.0,-36.0,-35.0,10.0
2101,2020-03-29,Pennsylvania,York County,-52.0,-34.0,-11.0,-46.0,-37.0,13.0
2102,2020-03-29,Rhode Island,Total,-55.0,-30.0,-50.0,-67.0,-37.0,14.0
2104,2020-03-29,Rhode Island,Kent County,-57.0,-26.0,-44.0,-72.0,-36.0,13.0
2105,2020-03-29,Rhode Island,Newport County,-57.0,-32.0,-60.0,-24.0,-39.0,21.0
2106,2020-03-29,Rhode Island,Providence County,-57.0,-29.0,-50.0,-65.0,-36.0,14.0
2107,2020-03-29,Rhode Island,Washington County,-53.0,-34.0,-59.0,-8.0,-40.0,13.0
2108,2020-03-29,South Carolina,Total,-38.0,-11.0,-4.0,-34.0,-34.0,9.0
2110,2020-03-29,South Carolina,Aiken County,-31.0,-11.0,-1.0,0.0,-33.0,8.0
2112,2020-03-29,South Carolina,Anderson County,-40.0,-3.0,-1.0,-20.0,-34.0,8.0
2115,2020-03-29,South Carolina,Beaufort County,-38.0,-16.0,1.0,-32.0,-39.0,10.0
2116,2020-03-29,South Carolina,Berkeley County,-32.0,-10.0,47.0,-53.0,-32.0,9.0
2118,2020-03-29,South Carolina,Charleston County,-48.0,-25.0,-35.0,-62.0,-42.0,11.0
2119,2020-03-29,South Carolina,Cherokee County,-37.0,-3.0,-7.0,-20.0,-24.0,11.0
2125,2020-03-29,South Carolina,Dillon County,-21.0,3.0,-41.0,-21.0,-19.0,-2.0
2126,2020-03-29,South Carolina,Dorchester County,-32.0,-12.0,1.0,-38.0,-36.0,9.0
2129,2020-03-29,South Carolina,Florence County,-38.0,-11.0,-30.0,-24.0,-30.0,8.0
2131,2020-03-29,South Carolina,Greenville County,-42.0,-12.0,-35.0,-38.0,-39.0,10.0
2134,2020-03-29,South Carolina,Horry County,-43.0,-13.0,17.0,-58.0,-39.0,8.0
2135,2020-03-29,South Carolina,Jasper County,-32.0,-21.0,-25.0,-8.0,-39.0,8.0
2140,2020-03-29,South Carolina,Lexington County,-42.0,-15.0,24.0,-33.0,-35.0,10.0
2148,2020-03-29,South Carolina,Richland County,-43.0,-19.0,-37.0,-21.0,-35.0,11.0
2150,2020-03-29,South Carolina,Spartanburg County,-34.0,-11.0,10.0,-57.0,-34.0,9.0
2154,2020-03-29,South Carolina,York County,-33.0,-16.0,31.0,-34.0,-35.0,10.0
2155,2020-03-29,South Dakota,Total,-35.0,-3.0,126.0,-31.0,-25.0,8.0
2179,2020-03-29,South Dakota,Minnehaha County,-38.0,-5.0,141.0,-41.0,-23.0,8.0
2181,2020-03-29,South Dakota,Pennington County,-42.0,-6.0,90.0,-24.0,-30.0,8.0
2191,2020-03-29,Tennessee,Total,-35.0,-9.0,35.0,-35.0,-34.0,8.0
2196,2020-03-29,Tennessee,Blount County,-35.0,-4.0,35.0,-79.0,-39.0,9.0
2198,2020-03-29,Tennessee,Campbell County,-16.0,-1.0,30.0,-12.0,-29.0,10.0
2206,2020-03-29,Tennessee,Cocke County,-24.0,-11.0,-3.0,-20.0,-36.0,11.0
2210,2020-03-29,Tennessee,Davidson County,-44.0,-17.0,-6.0,-64.0,-44.0,11.0
2224,2020-03-29,Tennessee,Hamilton County,-46.0,-15.0,17.0,-39.0,-36.0,10.0
2238,2020-03-29,Tennessee,Knox County,-41.0,-16.0,35.0,-28.0,-40.0,10.0
2245,2020-03-29,Tennessee,Madison County,-37.0,-15.0,-14.0,-32.0,-33.0,8.0
2246,2020-03-29,Tennessee,Marion County,-27.0,-26.0,29.0,-16.0,-28.0,0.0
2248,2020-03-29,Tennessee,Maury County,-30.0,-15.0,-33.0,-15.0,-33.0,9.0
2253,2020-03-29,Tennessee,Montgomery County,-33.0,-9.0,91.0,-13.0,-32.0,8.0
2264,2020-03-29,Tennessee,Rutherford County,-35.0,-12.0,74.0,-16.0,-35.0,10.0
2268,2020-03-29,Tennessee,Shelby County,-36.0,-9.0,0.0,-25.0,-32.0,10.0
2271,2020-03-29,Tennessee,Sullivan County,-33.0,-10.0,-22.0,-44.0,-30.0,8.0
2279,2020-03-29,Tennessee,Washington County,-45.0,-15.0,-25.0,-8.0,-33.0,8.0
2283,2020-03-29,Tennessee,Williamson County,-46.0,-20.0,76.0,-19.0,-45.0,12.0
2284,2020-03-29,Tennessee,Wilson County,-34.0,-4.0,51.0,-6.0,-38.0,10.0
2285,2020-03-29,Texas,Total,-45.0,-23.0,-27.0,-47.0,-36.0,13.0
2288,2020-03-29,Texas,Angelina County,-38.0,-9.0,-45.0,-25.0,-25.0,12.0
2297,2020-03-29,Texas,Bell County,-37.0,-24.0,8.0,-34.0,-33.0,10.0
2298,2020-03-29,Texas,Bexar County,-47.0,-23.0,-46.0,-46.0,-38.0,13.0
2301,2020-03-29,Texas,Bowie County,-44.0,-20.0,-11.0,-18.0,-32.0,10.0
2302,2020-03-29,Texas,Brazoria County,-39.0,-21.0,9.0,-24.0,-30.0,13.0
2303,2020-03-29,Texas,Brazos County,-50.0,-28.0,-37.0,-60.0,-39.0,14.0
2312,2020-03-29,Texas,Cameron County,-61.0,-41.0,-70.0,-62.0,-37.0,17.0
2323,2020-03-29,Texas,Collin County,-50.0,-33.0,-11.0,-37.0,-45.0,14.0
2325,2020-03-29,Texas,Comal County,-47.0,-33.0,-30.0,-10.0,-36.0,12.0
2327,2020-03-29,Texas,Cooke County,-28.0,-3.0,-8.0,-33.0,-32.0,16.0
2334,2020-03-29,Texas,Dallas County,-45.0,-21.0,-24.0,-45.0,-38.0,14.0
2339,2020-03-29,Texas,Denton County,-47.0,-27.0,1.0,-30.0,-42.0,14.0
2345,2020-03-29,Texas,El Paso County,-50.0,-25.0,-65.0,-40.0,-37.0,15.0
2346,2020-03-29,Texas,Ellis County,-35.0,-18.0,4.0,-33.0,-34.0,13.0
2352,2020-03-29,Texas,Fort Bend County,-49.0,-26.0,-2.0,-26.0,-41.0,15.0
2357,2020-03-29,Texas,Galveston County,-42.0,-15.0,-29.0,-57.0,-35.0,12.0
2366,2020-03-29,Texas,Guadalupe County,-34.0,-24.0,-1.0,-23.0,-37.0,12.0
2372,2020-03-29,Texas,Harris County,-46.0,-23.0,-22.0,-58.0,-38.0,14.0
2376,2020-03-29,Texas,Hays County,-46.0,-22.0,-23.0,-19.0,-36.0,13.0
2378,2020-03-29,Texas,Hidalgo County,-63.0,-43.0,-74.0,-64.0,-43.0,18.0
2385,2020-03-29,Texas,Hunt County,-33.0,-15.0,-5.0,-23.0,-33.0,10.0
2390,2020-03-29,Texas,Jefferson County,-49.0,-22.0,4.0,-35.0,-33.0,12.0
2396,2020-03-29,Texas,Kaufman County,-46.0,-22.0,-26.0,-18.0,-38.0,12.0
2397,2020-03-29,Texas,Kendall County,-38.0,-25.0,-61.0,-31.0,-38.0,14.0
2400,2020-03-29,Texas,Kleberg County,-42.0,-36.0,-71.0,-56.0,-28.0,16.0
2413,2020-03-29,Texas,Lubbock County,-37.0,-14.0,17.0,-36.0,-28.0,10.0
2419,2020-03-29,Texas,Maverick County,-56.0,-36.0,-82.0,-62.0,-36.0,19.0
2421,2020-03-29,Texas,McLennan County,-43.0,-22.0,-12.0,-34.0,-34.0,10.0
2423,2020-03-29,Texas,Medina County,-24.0,-8.0,-54.0,-30.0,-30.0,19.0
2424,2020-03-29,Texas,Midland County,-41.0,-19.0,-45.0,-24.0,-25.0,12.0
2428,2020-03-29,Texas,Montgomery County,-47.0,-24.0,0.0,-26.0,-38.0,13.0
2431,2020-03-29,Texas,Nacogdoches County,-36.0,-3.0,-17.0,-43.0,-24.0,15.0
2432,2020-03-29,Texas,Navarro County,-40.0,-18.0,-7.0,-40.0,-32.0,16.0
2435,2020-03-29,Texas,Nueces County,-46.0,-25.0,-40.0,-45.0,-34.0,13.0
2438,2020-03-29,Texas,Orange County,-35.0,-18.0,-38.0,-37.0,-32.0,11.0
2441,2020-03-29,Texas,Parker County,-35.0,-15.0,2.0,-32.0,-35.0,10.0
2444,2020-03-29,Texas,Polk County,-36.0,-14.0,-7.0,-41.0,-36.0,10.0
2445,2020-03-29,Texas,Potter County,-41.0,-13.0,2.0,-17.0,-26.0,9.0
2460,2020-03-29,Texas,San Patricio County,-38.0,-23.0,-30.0,-33.0,-24.0,12.0
2465,2020-03-29,Texas,Smith County,-52.0,-28.0,-21.0,-36.0,-34.0,13.0
2471,2020-03-29,Texas,Tarrant County,-48.0,-20.0,-16.0,-71.0,-36.0,13.0
2476,2020-03-29,Texas,Travis County,-54.0,-29.0,-19.0,-72.0,-44.0,15.0
2483,2020-03-29,Texas,Van Zandt County,-33.0,-16.0,7.0,-18.0,-25.0,13.0
2484,2020-03-29,Texas,Victoria County,-41.0,-23.0,-39.0,-49.0,-27.0,10.0
2485,2020-03-29,Texas,Walker County,-42.0,-17.0,-1.0,-42.0,-27.0,15.0
2489,2020-03-29,Texas,Webb County,-55.0,-38.0,-78.0,-43.0,-35.0,16.0
2492,2020-03-29,Texas,Wichita County,-50.0,-30.0,-11.0,-24.0,-32.0,11.0
2495,2020-03-29,Texas,Williamson County,-49.0,-29.0,-14.0,-41.0,-43.0,14.0
2498,2020-03-29,Texas,Wise County,-27.0,-11.0,8.0,-16.0,-31.0,15.0
2504,2020-03-29,Utah,Total,-41.0,-14.0,26.0,-44.0,-40.0,10.0
2506,2020-03-29,Utah,Box Elder County,-28.0,-24.0,13.0,-5.0,-36.0,15.0
2507,2020-03-29,Utah,Cache County,-33.0,-3.0,66.0,-7.0,-39.0,10.0
2509,2020-03-29,Utah,Davis County,-39.0,-1.0,48.0,-15.0,-41.0,10.0
2519,2020-03-29,Utah,Salt Lake County,-46.0,-16.0,16.0,-62.0,-38.0,11.0
2523,2020-03-29,Utah,Summit County,-84.0,-65.0,-47.0,-59.0,-76.0,6.0
2526,2020-03-29,Utah,Utah County,-36.0,-11.0,54.0,13.0,-50.0,11.0
2528,2020-03-29,Utah,Washington County,-38.0,-10.0,-2.0,-22.0,-39.0,9.0
2529,2020-03-29,Utah,Weber County,-32.0,-17.0,76.0,-8.0,-31.0,8.0
2530,2020-03-29,Vermont,Total,-62.0,-42.0,-55.0,-71.0,-43.0,13.0
2534,2020-03-29,Vermont,Chittenden County,-61.0,-53.0,-50.0,-57.0,-46.0,14.0
2544,2020-03-29,Vermont,Windsor County,-67.0,-50.0,-63.0,-60.0,-49.0,22.0
2545,2020-03-29,Virginia,Total,-39.0,-16.0,46.0,-50.0,-36.0,11.0
2547,2020-03-29,Virginia,Albemarle County,-50.0,-30.0,36.0,-55.0,-47.0,23.0
2548,2020-03-29,Virginia,Alexandria,-54.0,-22.0,49.0,-58.0,-44.0,16.0
2553,2020-03-29,Virginia,Arlington County,-62.0,-32.0,8.0,-82.0,-50.0,16.0
2554,2020-03-29,Virginia,Augusta County,-39.0,-16.0,-22.0,52.0,-22.0,8.0
2565,2020-03-29,Virginia,Caroline County,-42.0,-20.0,-70.0,-37.0,-26.0,17.0
2569,2020-03-29,Virginia,Charlottesville,-68.0,-30.0,-39.0,-58.0,-49.0,15.0
2570,2020-03-29,Virginia,Chesapeake,-35.0,-18.0,35.0,-18.0,-36.0,9.0
2571,2020-03-29,Virginia,Chesterfield County,-40.0,-21.0,27.0,-19.0,-39.0,10.0
2584,2020-03-29,Virginia,Fairfax County,-49.0,-24.0,15.0,-46.0,-46.0,15.0
2591,2020-03-29,Virginia,Frederick County,-37.0,-26.0,-7.0,-33.0,-29.0,13.0
2592,2020-03-29,Virginia,Fredericksburg,-51.0,-29.0,10.0,-67.0,-39.0,0.0
2601,2020-03-29,Virginia,Hampton,-34.0,-6.0,117.0,-8.0,-32.0,10.0
2604,2020-03-29,Virginia,Henrico County,-42.0,-22.0,28.0,-71.0,-36.0,11.0
2615,2020-03-29,Virginia,Loudoun County,-50.0,-24.0,-11.0,-80.0,-44.0,15.0
2624,2020-03-29,Virginia,Mecklenburg County,-23.0,1.0,2.0,-26.0,-16.0,5.0
2629,2020-03-29,Virginia,Newport News,-37.0,-10.0,55.0,-32.0,-31.0,9.0
2630,2020-03-29,Virginia,Norfolk,-36.0,-8.0,37.0,-56.0,-31.0,9.0
2641,2020-03-29,Virginia,Portsmouth,-20.0,-10.0,53.0,3.0,-34.0,9.0
2645,2020-03-29,Virginia,Prince William County,-45.0,-22.0,30.0,-27.0,-40.0,13.0
2649,2020-03-29,Virginia,Richmond,-47.0,-11.0,83.0,-19.0,-37.0,10.0
2651,2020-03-29,Virginia,Roanoke,-44.0,-7.0,49.0,-43.0,-33.0,8.0
2654,2020-03-29,Virginia,Rockingham County,-29.0,-10.0,-7.0,-22.0,-27.0,9.0
2664,2020-03-29,Virginia,Suffolk,-32.0,-7.0,-16.0,-9.0,-29.0,9.0
2668,2020-03-29,Virginia,Virginia Beach,-37.0,-13.0,38.0,-3.0,-36.0,9.0
2678,2020-03-29,Washington,Total,-48.0,-26.0,-11.0,-56.0,-41.0,13.0
2681,2020-03-29,Washington,Benton County,-47.0,-23.0,3.0,-12.0,-39.0,10.0
2682,2020-03-29,Washington,Chelan County,-43.0,-20.0,-15.0,-27.0,-43.0,18.0
2683,2020-03-29,Washington,Clallam County,-42.0,-27.0,-20.0,-29.0,-35.0,18.0
2684,2020-03-29,Washington,Clark County,-46.0,-28.0,-3.0,-38.0,-41.0,13.0
2685,2020-03-29,Washington,Cowlitz County,-40.0,-20.0,-23.0,-34.0,-35.0,11.0
2688,2020-03-29,Washington,Franklin County,-35.0,-15.0,-16.0,-59.0,-33.0,12.0
2689,2020-03-29,Washington,Grant County,-36.0,-8.0,10.0,-46.0,-29.0,8.0
2690,2020-03-29,Washington,Grays Harbor County,-40.0,-18.0,-16.0,-26.0,-37.0,14.0
2691,2020-03-29,Washington,Island County,-34.0,-25.0,-12.0,-53.0,-42.0,21.0
2692,2020-03-29,Washington,Jefferson County,-62.0,-31.0,-9.0,-58.0,-40.0,2.0
2693,2020-03-29,Washington,King County,-57.0,-30.0,0.0,-66.0,-47.0,15.0
2694,2020-03-29,Washington,Kitsap County,-45.0,-27.0,12.0,-62.0,-43.0,12.0
2695,2020-03-29,Washington,Kittitas County,-56.0,-32.0,-43.0,-22.0,-45.0,19.0
2697,2020-03-29,Washington,Lewis County,-49.0,-21.0,-37.0,-32.0,-34.0,11.0
2703,2020-03-29,Washington,Pierce County,-46.0,-22.0,-17.0,-31.0,-39.0,12.0
2705,2020-03-29,Washington,Skagit County,-47.0,-25.0,0.0,-51.0,-42.0,12.0
2707,2020-03-29,Washington,Snohomish County,-47.0,-30.0,-2.0,-48.0,-45.0,14.0
2708,2020-03-29,Washington,Spokane County,-44.0,-20.0,9.0,-45.0,-38.0,11.0
2710,2020-03-29,Washington,Thurston County,-47.0,-28.0,-32.0,-36.0,-38.0,12.0
2712,2020-03-29,Washington,Whatcom County,-57.0,-34.0,-11.0,-69.0,-44.0,13.0
2714,2020-03-29,Washington,Yakima County,-36.0,-13.0,0.0,-21.0,-33.0,9.0
2715,2020-03-29,West Virginia,Total,-38.0,-16.0,52.0,-31.0,-33.0,8.0
2717,2020-03-29,West Virginia,Berkeley County,-35.0,-20.0,-9.0,-55.0,-32.0,9.0
2728,2020-03-29,West Virginia,Harrison County,-43.0,-18.0,-24.0,-47.0,-31.0,19.0
2731,2020-03-29,West Virginia,Kanawha County,-44.0,-14.0,-2.0,-43.0,-33.0,8.0
2739,2020-03-29,West Virginia,Mercer County,-44.0,-16.0,-36.0,-30.0,-35.0,15.0
2742,2020-03-29,West Virginia,Monongalia County,-48.0,-23.0,60.0,-35.0,-44.0,25.0
2746,2020-03-29,West Virginia,Ohio County,-40.0,11.0,-34.0,-19.0,-38.0,16.0
2765,2020-03-29,Wisconsin,Total,-55.0,-30.0,-12.0,-50.0,-34.0,13.0
2770,2020-03-29,Wisconsin,Brown County,-56.0,-31.0,-26.0,-77.0,-31.0,13.0
2778,2020-03-29,Wisconsin,Dane County,-68.0,-38.0,-25.0,-67.0,-43.0,15.0
2783,2020-03-29,Wisconsin,Eau Claire County,-59.0,-35.0,-22.0,-36.0,-32.0,14.0
2785,2020-03-29,Wisconsin,Fond du Lac County,-54.0,-36.0,-13.0,-21.0,-31.0,12.0
2793,2020-03-29,Wisconsin,Jefferson County,-52.0,-28.0,-11.0,-62.0,-30.0,14.0
2795,2020-03-29,Wisconsin,Kenosha County,-61.0,-33.0,-23.0,-56.0,-34.0,12.0
2797,2020-03-29,Wisconsin,La Crosse County,-56.0,-28.0,-4.0,-38.0,-35.0,13.0
2805,2020-03-29,Wisconsin,Milwaukee County,-55.0,-28.0,-9.0,-57.0,-38.0,13.0
2809,2020-03-29,Wisconsin,Outagamie County,-61.0,-35.0,-41.0,-62.0,-33.0,13.0
2816,2020-03-29,Wisconsin,Racine County,-52.0,-28.0,-11.0,-37.0,-32.0,12.0
2818,2020-03-29,Wisconsin,Rock County,-52.0,-30.0,-15.0,-36.0,-34.0,11.0
2820,2020-03-29,Wisconsin,Sauk County,-66.0,-29.0,-30.0,-50.0,-48.0,22.0
2823,2020-03-29,Wisconsin,Sheboygan County,-47.0,-28.0,4.0,-23.0,-26.0,11.0
2824,2020-03-29,Wisconsin,St. Croix County,-53.0,-35.0,-21.0,-39.0,-34.0,24.0
2831,2020-03-29,Wisconsin,Washington County,-49.0,-29.0,-22.0,-31.0,-36.0,13.0
2832,2020-03-29,Wisconsin,Waukesha County,-58.0,-35.0,-23.0,-44.0,-40.0,14.0
2835,2020-03-29,Wisconsin,Winnebago County,-54.0,-32.0,-11.0,-41.0,-32.0,13.0
2837,2020-03-29,Wyoming,Total,-37.0,-13.0,29.0,-14.0,-29.0,8.0
2838,2020-03-29,Wyoming,Albany County,-42.0,-27.0,-4.0,1.0,-29.0,16.0
2848,2020-03-29,Wyoming,Laramie County,-39.0,-20.0,26.0,-16.0,-28.0,10.0
2850,2020-03-29,Wyoming,Natrona County,-36.0,-8.0,64.0,-29.0,-29.0,9.0
